id,party,list_pos,electorate,name
150,Green Party,9,New Lynn,"ABEL, Steve"
383,NewZeal,2,East Coast Bays,"ADAMS, Paul"
29,ACT New Zealand,30,Takanini,"AH CHEE, Rae"
456,Green Party,,Christchurch East,"AHMED, Sahra"
254,Labour Party,64,Taupō,"AL-BUSTANJI, Aladdin"
126,Freedoms NZ,20,Māngere,"ALAILIMA, Fuiavailili"
425,The Opportunities Party (TOP),2,Wellington Central,"ALBERT, Natalia"
116,Freedoms NZ,10,Pakuranga,"ALCOCK, John"
102,DemocracyNZ,9,Banks Peninsula,"ALLINGTON, Doug"
32,ACT New Zealand,33,New Lynn,"ALVAREZ DE LUGO, Juan"
207,Labour Party,17,Hutt South,"ANDERSEN, Ginny"
87,Aotearoa Legalise Cannabis Party,10,Wigram,"ANDERSON, Blair"
35,ACT New Zealand,36,,"ANDERSON, Dion"
317,National Party,59,Waitaki,"ANDERSON, Miles"
577,New Zealand Loyal,,Whangārei,"ANDREWS, Janita"
36,ACT New Zealand,37,Whangaparāoa,"ANGELO, Simon"
378,New Zealand First Party,35,Coromandel,"ANSELL, Caleb"
79,Aotearoa Legalise Cannabis Party,2,Wellington Central,"APPLEBY, Michael George"
349,New Zealand First Party,6,Kaikōura,"ARBUCKLE, Jamie Arthur"
454,New Zealand Loyal,,Botany,"ARMSTRONG, John"
366,New Zealand First Party,23,Christchurch Central,"ARNEIL, Mark"
362,New Zealand First Party,19,Wellington Central,"ARNEIL, Taylor"
373,New Zealand First Party,30,Whanganui,"ARNOLD, William"
562,New Zealand Loyal,,Wairarapa,"ARNOTT, Pete"
56,ACT New Zealand,57,Kaipara ki Mahurangi,"BAILEY, Brent"
564,New Zealand Loyal,,Waitaki,"BAILEY, Ray"
16,ACT New Zealand,17,Nelson,"BAILLIE, Chris"
567,,,Wellington Central,"BAINS, Pete"
256,Leighton Baker Party,1,Waimakariri,"BAKER, Leighton"
549,,,Tauranga,"BALDOCK, Larry"
359,New Zealand First Party,16,Rangitata,"BALLANTYNE, Robert"
471,New Zealand Loyal,,Hamilton East,"BAN, Tanya"
310,National Party,52,Palmerston North,"BANSAL, Ankit"
339,New Nation Party,6,,"BARNES, Nathan Lee"
170,Green Party,29,North Shore,"BASKETT, Pat"
305,National Party,47,Whanganui,"BATES, Carl"
273,National Party,15,Port Waikato,"BAYLY, Andrew"
171,Green Party,30,Whangārei,"BAZELEY, Rick"
37,ACT New Zealand,38,Waitaki,"BEAMISH, Sean"
72,Animal Justice Party,12,Palmerston North,"BEGG, Douglas"
216,Labour Party,26,Epsom,"BELICH, Camilla"
408,Te Pāti Māori,16,,"BELL, Bridget Frances"
219,Labour Party,29,New Plymouth,"BENNETT, Glen"
357,New Zealand First Party,14,Whangārei,"BENNEY, Gavin"
487,Protect and Prosper New Zealand,,Mana,"BHARGAVA, Kush"
318,National Party,60,Northcote,"BIDOIS, Dan"
261,National Party,3,Hutt South,"BISHOP, Chris"
384,NewZeal,3,Rotorua,"BLACK-VERCOE, Kariana"
476,New Zealand Loyal,,Hutt South,"BLAKE, Jordan"
290,National Party,32,Māngere,"BOURKE, Rosemary"
232,Labour Party,42,Nelson,"BOYACK, Rachel Elizabeth"
229,Labour Party,39,Waiariki,"BOYNTON, Toni"
38,ACT New Zealand,39,Whangārei,"BRETHERTON, Susy"
320,National Party,62,Upper Harbour,"BREWER, Cameron"
103,DemocracyNZ,10,Kaipara ki Mahurangi,"BREWER, Sarah"
493,,,Maungakiekie,"BRIDGE, Phillip"
98,DemocracyNZ,5,Port Waikato,"BRIGHT, Scotty"
83,Aotearoa Legalise Cannabis Party,6,Ilam,"BRITNELL, Irinka"
80,Aotearoa Legalise Cannabis Party,3,Christchurch Central,"BRITNELL, Michael"
213,Labour Party,23,Dunedin,"BROOKING, Rachel"
21,ACT New Zealand,22,Mana,"BROWN, Lily"
480,Money Free Party NZ,,Kaikōura,"BROWN, Shaun"
267,National Party,9,Pakuranga,"BROWN, Simeon"
93,Aotearoa Legalise Cannabis Party,16,,"BROWN, Tony"
172,Green Party,31,Kaipara ki Mahurangi,"BROWN, Zephyr"
272,National Party,14,,"BROWNLEE, Gerry"
523,Green Party,,Port Waikato,"BUCHANAN, Karla"
101,DemocracyNZ,8,Whangārei,"BURGESS, Diana"
53,ACT New Zealand,54,Botany,"BURNS, Bo"
546,,,Taranaki-King Country,"BURR, Bill"
414,Te Pāti Māori,22,,"BUTLER, Teresa"
529,Labour Party,,Rangitīkei,"BUTT, Zulfiqar"
319,National Party,61,Wairarapa,"BUTTERICK, Mike"
293,National Party,35,Nelson,"CAMERON, Blair"
6,ACT New Zealand,7,Northland,"CAMERON, Mark"
415,Te Pāti Māori,23,,"CAMPBELL-KAMARIERA, Kyla"
321,National Party,63,Ilam,"CAMPBELL, Hamish"
39,ACT New Zealand,40,Waimakariri,"CAMPBELL, Ross Eric"
104,DemocracyNZ,11,Kaikōura,"CAMPBELL, Sandra"
465,,,East Coast,"CARACAS, Monaco"
68,Animal Justice Party,8,Hamilton East,"CARRINGTON, Lily"
155,Green Party,14,Christchurch Central,"CARTER, Kahurangi"
40,ACT New Zealand,41,Wairarapa,"CASEY, Simon Francis"
285,National Party,27,Remutaka,"CHATTERTON, Emma"
223,Labour Party,33,East Coast Bays,"CHEN, Naisi"
306,National Party,48,Mt Roskill,"CHEUNG, Carlos"
5,ACT New Zealand,6,Upper Harbour,"CHHOUR, Karen"
25,ACT New Zealand,26,Mt Roskill,"CHOPRA, Rahul"
34,ACT New Zealand,35,Port Waikato,"CHRISTENSEN, Neil"
286,National Party,28,,"CHRISTMAS, James"
120,Freedoms NZ,14,Maungakiekie,"CHUAH, Eric"
446,Women’s Rights Party,10,,"CLARK, MacKenzie"
124,Freedoms NZ,18,Rangitata,"CLARKSON, Michael"
458,New Zealand Loyal,,Coromandel,"COBB, Ray"
226,Labour Party,36,East Coast,"COFFEY, Tamati"
86,Aotearoa Legalise Cannabis Party,9,Auckland Central,"COKER, Christopher"
481,New Zealand Loyal,,Kaikōura,"COLELLO, Natalie"
390,NewZeal,9,,"COLLING, Hayley"
152,Green Party,11,Panmure-Ōtāhuhu,"COLLINS, Fa'anānā Efeso"
268,National Party,10,Papakura,"COLLINS, Judith"
112,Freedoms NZ,6,,"COOK, Aly"
557,New Zealand Sovereignty Party,,Upper Harbour,"CORBETT, Tony"
435,The Opportunities Party (TOP),12,Hamilton East,"CORKIN, Alex"
346,New Zealand First Party,3,Port Waikato,"COSTELLO, Casey"
322,National Party,64,Ōtaki,"COSTLEY, Tim"
332,New Conservatives,9,Selwyn,"COULTER, Abe"
472,New World Order McCann Party,,Hamilton East,"COUPER, Nathan Lee"
7,ACT New Zealand,8,Te Atatū,"COURT, Simon"
536,New Zealand Loyal,,Selwyn,"COURTNEY, Logan"
18,ACT New Zealand,19,Taupō,"COZENS, Zane"
234,Labour Party,44,Invercargill,"CRAIG, Liz"
173,Green Party,32,Tauranga,"CROOKS, Justin"
258,Leighton Baker Party,3,Wigram,"CULLIMORE, Debra Marie"
41,ACT New Zealand,42,Kelston,"CURRAN, Jacob"
221,Labour Party,31,Hamilton East,"DANSEY, Georgie"
164,Green Party,23,Mana,"DAO-MCLAY, Gina"
142,Green Party,1,,"DAVIDSON, Marama Mere-Ana"
160,Green Party,19,Ilam,"DAVIDSON, Mike"
247,Labour Party,57,Christchurch East,"DAVIDSON, Reuben"
113,Freedoms NZ,7,Auckland Central,"DAVIE, Paul"
192,Labour Party,2,Te Tai Tokerau,"DAVIS, Kelvin"
59,ACT New Zealand,60,Ōhāriu,"DAY, Paul"
325,New Conservatives,2,Botany,"DE BOER, Dieuwe"
85,Aotearoa Legalise Cannabis Party,8,Whangārei,"de JONGE, Jeni"
341,New Nation Party,8,,"de VRIES, Anthony"
327,New Conservatives,4,,"DEACON, Paul Kenneth"
358,New Zealand First Party,15,Kelston,"DEGIA-PALA, Anne"
438,Women’s Rights Party,2,,"DEL LA VARIS, Chimene"
482,Labour Party,,Kaikōura,"DEWHIRST, Emma"
497,Green Party,,Napier,"DICKEY, Julienne"
466,,,East Coast,"DICKSON, Gordon John"
119,Freedoms NZ,13,Northcote,"DONALDSON, Mark"
42,ACT New Zealand,43,Invercargill,"DONALDSON, Scott Ian"
541,,,Taieri,"DONG, Changrong"
355,New Zealand First Party,12,Hutt South,"DONOGHUE, Lee"
266,National Party,8,Waimakariri,"DOOCEY, Matt"
135,Freedoms NZ,29,Waikato,"DORNAN, Lois"
15,ACT New Zealand,16,Tukituki,"DOUGLAS, Rob"
159,Green Party,18,Hamilton West,"DOYLE, Benjamin"
174,Green Party,33,Upper Harbour,"DOYLE, Thea"
51,ACT New Zealand,52,Whanganui,"DREDGE, Craig"
380,New Zealand Loyal,2,,"DREW, Peter"
128,Freedoms NZ,22,Hamilton West,"DU PLOOY, Rudi"
499,Progressive Aotearoa New Zealand,,Nelson,"DYER, Bruce"
469,New Zealand Loyal,,East Coast Bays,"DYET, Bill"
208,Labour Party,18,Mana,"EDMONDS, Barbara"
330,New Conservatives,7,Dunedin,"ELDER, Cyndee"
338,New Nation Party,5,,"ELVIDGE, Jeremy"
63,Animal Justice Party,3,Rongotai,"EMET, Atom"
381,New Zealand Loyal,3,,"ENGEL, Philip George"
538,New Zealand Loyal,,Southland,"EVANS, Logan"
370,New Zealand First Party,27,West Coast-Tasman,"FARRELLY, Jackie"
397,Te Pāti Māori,5,Te Tai Tonga,"FERRIS, Tākuta"
507,New Zealand Loyal,,Northland,"FEYEN, Michael"
508,Northland Party,,Northland,"FINLAYSON, Mike"
43,ACT New Zealand,44,Christchurch Central,"FISKEN, Matthew Hunter"
246,Labour Party,56,Rongotai,"FITZSIMONS, Fleur"
409,Te Pāti Māori,17,East Coast,"FLAVELL, Fallyn"
402,Te Pāti Māori,10,,"FLAVELL, Keanu"
323,National Party,65,Maungakiekie,"FLEMING, Greg"
19,ACT New Zealand,20,Northcote,"FOLEY, Leo George"
440,Women’s Rights Party,4,,"FORNUSEK, Marnie"
350,New Zealand First Party,7,Mana,"FOSTER, Andy"
568,Workers Now,,Wellington Central,"FRANKS, Don"
307,National Party,49,Taieri,"FRENCH, Matthew"
591,,,Te Tai Tonga,"FUIMAONO PUHI, Geoffrey Karena"
292,National Party,34,New Lynn,"GARCIA, Paulo"
563,,,Wairarapa,"GARDNER, Jared Warren"
542,,,Taieri,"GARDNER, Mac"
569,,,Wellington Central,"GEIRINGER, Karl Thomas"
145,Green Party,4,Rongotai,"GENTER, Julie Anne"
148,Green Party,7,Kelston,"GHAHRAMAN, Golriz"
473,Republic of New Zealand Party,,Hamilton East,"GIELEN, Jacobus"
175,Green Party,34,Rangitata,"GILCHRIST, Barbara"
257,Leighton Baker Party,2,Bay of Plenty,"GILLESPIE, Wendy"
263,National Party,5,Epsom,"GOLDSMITH, Paul"
488,NAP,,Mana,"GOODE, Richard"
71,Animal Justice Party,11,Wellington Central,"GORDON, Christopher"
517,New Zealand Loyal,,Palmerston North,"GRANT, Dean"
74,Animal Justice Party,14,Bay of Plenty,"GRATTAN, Caitlin"
433,The Opportunities Party (TOP),10,North Shore,"GRAY, Abe"
176,Green Party,35,Coromandel,"GREALEY, Pamela"
392,NewZeal,11,,"GREAVES, Marlene Angilene"
578,,,Whangārei,"GREEN, Fiona"
483,New Conservatives,,Kaikōura,"GREENSLADE, David"
108,Freedoms NZ,2,West Coast-Tasman,"GREY, Sue"
28,ACT New Zealand,29,Kaikōura,"GRIFFITHS, Keith"
277,National Party,19,Selwyn,"GRIGG, Nicola"
89,Aotearoa Legalise Cannabis Party,12,Southland,"GRUMBALL, Anntwinette"
439,Women’s Rights Party,3,,"GUILLILAND, Karen"
379,New Zealand Loyal,1,,"GUNN, Liz"
218,Labour Party,28,Northcote,"HALBERT, Shanan"
474,National Party,,Hamilton East,"HAMILTON, Ryan"
429,The Opportunities Party (TOP),6,Ōhāriu,"HAMMOND, Jessica"
231,Labour Party,41,North Shore,"HAMPTON, George"
64,Animal Justice Party,4,Pakuranga,"HANCOCK, Nicholas"
177,Green Party,36,Waitaki,"HANSEN, Pleasance"
579,Economic Euthenics,,Wigram,"HANSEN, Tubby"
416,Te Pāti Māori,24,Kelston,"HAREMA, Jacqui"
44,ACT New Zealand,45,Palmerston North,"HARNETT, Mike"
14,ACT New Zealand,15,Selwyn,"HARVEY, Ben"
353,New Zealand First Party,10,Tauranga,"HARVEY, Erika"
130,Freedoms NZ,24,Papakura,"HARVEY, Kathy"
204,Labour Party,14,Tāmaki Makaurau,"HENARE, Peeni"
251,Labour Party,61,Pakuranga,"HENRY, Nerissa"
78,Aotearoa Legalise Cannabis Party,1,Te Tai Tokerau,"HERBERT, Maki"
158,Green Party,17,Dunedin,"HERNANDEZ, Francisco"
289,National Party,31,Te Tai Hauāuru,"HIPANGO, Harete"
191,Labour Party,1,Remutaka,"HIPKINS, Chris"
500,Green Party,,Nelson,"HOBBS, Jace"
377,New Zealand First Party,34,Maungakiekie,"HOGG, Andrew"
4,ACT New Zealand,5,Rangitīkei,"HOGGARD, Andrew John"
329,New Conservatives,6,Kelston,"HOOD, Alister"
444,Women’s Rights Party,8,,"HOSKINS, Sue Maree"
324,New Conservatives,1,Christchurch East,"HOUGHTON, Helen"
484,,,Kaikōura,"HOWARD, Ted"
26,ACT New Zealand,27,East Coast,"HOWE, Michael"
291,National Party,33,Mana,"HUGHES, Frances"
552,New Zealand Loyal,,Tukituki,"HULMAN, Rob"
118,Freedoms NZ,12,Waiariki,"HUNIA, Charles Tiki"
410,Te Pāti Māori,18,,"HURA, Rivah"
405,Te Pāti Māori,13,,"HURIWAI-SEGER, Pere"
58,ACT New Zealand,59,Remutaka,"HURLE, Michael"
356,New Zealand First Party,13,Waikato,"HUSBAND, Stuart"
250,Labour Party,60,Napier,"HUTCHINSON, Mark"
441,Women’s Rights Party,5,,"HYMAN, Prue"
67,Animal Justice Party,7,Christchurch Central,"JACKSON, Sarah"
198,Labour Party,8,,"JACKSON, Willie"
334,New Nation Party,1,,"JACOMB, Michael"
70,Animal Justice Party,10,Banks Peninsula,"JEET, Paran"
510,Protect and Prosper New Zealand,,Ōhāriu,"JENKINS, Martin"
168,Green Party,27,Hutt South,"JENNINGS, Neelu"
343,New Nation Party,10,,"JOHNSTON, Brian"
537,Labour Party,,Selwyn,"JONES, Luke"
345,New Zealand First Party,2,Northland,"JONES, Shane Geoffrey"
45,ACT New Zealand,46,Māngere,"JOSEPH, Pothen"
75,Animal Justice Party,15,Auckland Central,"KANE, Madeleine"
224,Labour Party,34,Papakura,"KANONGATA'A, Anahila"
401,Te Pāti Māori,9,Whangārei,"KAPA-KINGI, Eru"
399,Te Pāti Māori,7,Te Tai Tokerau,"KAPA-KINGI, Mariameno"
407,Te Pāti Māori,15,,"KAPA, Te Ao"
255,Labour Party,65,Port Waikato,"KEEL, Gwendoline"
398,Te Pāti Māori,6,Tāmaki Makaurau,"KEMP, Takutai Tarsh"
163,Green Party,22,Southland,"KENNEDY, Dave"
406,Te Pāti Māori,14,,"KEREAMA, Hoera"
521,,,Papakura,"KERR, Karin"
376,New Zealand First Party,33,Banks Peninsula,"KERSLAKE, Lindsay"
288,National Party,30,Manurewa,"KILARI, Siva"
94,DemocracyNZ,1,Northland,"KING, Matt"
302,National Party,44,East Coast,"KIRKPATRICK, Dana"
375,New Zealand First Party,32,Hamilton East,"KNAAP, Russelle"
522,New Zealand Loyal,,Papakura,"KOUKA, Donna"
478,New Zealand Loyal,,Invercargill,"KOWALEWSKI, David"
294,National Party,36,Taranaki-King Country,"KURIGER, Barbara"
69,Animal Justice Party,9,Whanganui,"KYLE, Sandra"
81,Aotearoa Legalise Cannabis Party,4,Christchurch East,"LAMBERT, Paula"
363,New Zealand First Party,20,Dunedin,"LANGEVELD, Keegan"
97,DemocracyNZ,4,Napier,"LANGFORD, Martin"
331,New Conservatives,8,Tauranga,"LANGRIDGE, Jono"
447,Women’s Rights Party,11,,"LAUDERDALE, Kathleen"
461,New Zealand Loyal,,Dunedin,"LAWTON, Steve"
106,DemocracyNZ,13,Whangaparāoa,"LAYBOURN, Craig"
242,Labour Party,52,Taieri,"LEARY, Ingrid"
228,Labour Party,38,Takanini,"LEAVASA, Anae Neru"
271,National Party,13,Mt Albert,"LEE, Melissa"
240,Labour Party,50,Whanganui,"LEWIS, Steph"
46,ACT New Zealand,47,West Coast-Tasman,"LILLEY, Kelly"
136,Freedoms NZ,30,Wellington Central,"LIM, Meg"
134,Freedoms NZ,28,Ōhāriu,"LIM, Patrick"
202,Labour Party,12,,"LITTLE, Andrew"
450,,,Auckland Central,"LIU, Andi Shen"
283,National Party,25,,"LOHENI, Akenese Loreta"
178,Green Party,37,Rangitīkei,"LONG, Bernard"
230,Labour Party,40,Tukituki,"LORCK, Anna"
278,National Party,20,,"LU, Nancy"
259,National Party,1,Botany,"LUXON, Christopher"
10,ACT New Zealand,11,Bay of Plenty,"LUXTON, Cameron"
209,Labour Party,19,Rangitata,"LUXTON, Jo"
84,Aotearoa Legalise Cannabis Party,7,Northland,"LYE, Jeffrey"
151,Green Party,10,Te Tai Tokerau,"LYNDON, Hūhana"
55,ACT New Zealand,56,Wigram,"LYNN, Ankita"
342,New Nation Party,9,,"MACKIE, Angela Joan B"
125,Freedoms NZ,19,Southland,"MACLEAN, Naomi"
504,National Party,,New Plymouth,"MACLEOD, David"
179,Green Party,38,Bay of Plenty,"MACMILLAN, Matthew"
583,Labour Party,,Hauraki-Waikato,"MAHUTA, Nanaia"
396,Te Pāti Māori,4,Hauraki-Waikato,"MAIPI-CLARKE, Hana-Rawhiti"
95,DemocracyNZ,2,Waimakariri,"MALCOLM, Gordon"
424,The Opportunities Party (TOP),1,Ilam,"MANJI, Raf"
445,Women’s Rights Party,9,,"MANN, Catherine"
114,Freedoms NZ,8,New Lynn,"MANN, Phineas"
88,Aotearoa Legalise Cannabis Party,11,Tukituki,"MANNING, Romana (Marnz)"
348,New Zealand First Party,5,Kaipara ki Mahurangi,"MARCROFT, Jenny"
573,New Zealand Loyal,,West Coast-Tasman,"MARINKOVICH, Sebastian"
47,ACT New Zealand,48,,"MATTHEWS, Kevin"
206,Labour Party,16,Wairarapa,"McANULTY, Kieran"
509,National Party,,Northland,"McCALLUM, Grant"
540,Labour Party,,Southland,"McCALLUM, Simon"
485,,,Kaikōura,"McCASKEY, John"
270,National Party,12,Rotorua,"McCLAY, Todd"
31,ACT New Zealand,32,East Coast Bays,"McCOOK, Michael"
22,ACT New Zealand,23,Papakura,"McCORMICK, Mike"
180,Green Party,39,Kaikōura,"McCUBBIN, Richard"
91,Aotearoa Legalise Cannabis Party,14,Dunedin,"McDERMOTT, Adrian"
92,Aotearoa Legalise Cannabis Party,15,,"McDONALD, Anituhia"
531,,,Rongotai,"McDONALD, Don S"
60,ACT New Zealand,61,New Plymouth,"McGECHAN, Bruce"
2,ACT New Zealand,3,Rongotai,"McKEE, Nicole"
420,Te Pāti Māori,28,Manurewa,"MCLEAN, Rangi"
217,Labour Party,27,Banks Peninsula,"McLELLAN, Tracey"
417,Te Pāti Māori,25,,"MCLEOD, Te Waka Ruapounamu"
61,Animal Justice Party,1,Botany,"McNEIL, Robert"
580,,,Wigram,"McTAGUE, Geoff"
385,NewZeal,4,Banks Peninsula,"MEAD, Lisa Marie"
527,National Party,,Rangitata,"MEAGER, James"
48,ACT New Zealand,49,Taieri,"MEFFAN, Burty"
149,Green Party,8,Mt Albert,"MENENDEZ MARCH, Ricardo"
33,ACT New Zealand,34,Napier,"MILEWSKI, Pawel"
371,New Zealand First Party,28,Rongotai,"MILLS, Geoff"
269,National Party,11,Whangaparāoa,"MITCHELL, Mark"
11,ACT New Zealand,12,Panmure-Ōtāhuhu,"MODKOVA, Antonia"
129,Freedoms NZ,23,Panmure-Ōtāhuhu,"MOKARAKA, Karl"
368,New Zealand First Party,25,Papakura,"MONDS, Robert"
311,National Party,53,Southland,"MOONEY, Joseph"
127,Freedoms NZ,21,,"MOUNTJOY, Grant"
412,Te Pāti Māori,20,,"MOXON, Tureiti Haromi"
181,Green Party,40,Ōtaki,"MUHAMMAD, Ali"
245,Labour Party,55,Whangaparāoa,"MULLER PALLARÈS, Estefania"
301,National Party,43,Auckland Central,"MURALIDHAR, Mahesh"
354,New Zealand First Party,11,Bay of Plenty,"MURFITT, Kirsten"
27,ACT New Zealand,28,Mt Albert,"MURPHY, Ollie"
309,National Party,51,Rongotai,"MUTHU, Karunā"
534,,,Rotorua,"NAERA, Jonn"
299,National Party,41,Takanini,"NAKHLE, Rima"
495,,,Mt Albert,"NAUFAHU, Tesi"
428,The Opportunities Party (TOP),5,Upper Harbour,"NAVOT, Shai"
182,Green Party,41,Te Atatū,"NEUMANN, Zooey"
340,New Nation Party,7,,"NEWBOULD, Jan"
558,New Zealand Loyal,,Upper Harbour,"NEWMAN, Chris"
183,Green Party,42,Whangaparāoa,"NEWMAN, Lorraine"
52,ACT New Zealand,53,Dunedin,"NEWMAN, Tim"
122,Freedoms NZ,16,Tukituki,"NGAHUKA, Michael"
393,Te Pāti Māori,1,Te Tai Hauāuru,"NGAREWA-PACKER, Debbie"
382,NewZeal,1,,"NGARO, Alf Metuakore"
236,Labour Party,46,Ōtaki,"NGOBI, Terisa"
297,National Party,39,Te Atatū,"NICHOLAS, Angee"
387,NewZeal,6,,"NIMMO, Charles"
280,National Party,22,Napier,"NIMON, Katie"
184,Green Party,43,Remutaka,"NORTON, Chris"
328,New Conservatives,5,Ilam,"O'BRIEN, Chris"
99,DemocracyNZ,6,Ilam,"O'CONNELL, Juanita"
82,Aotearoa Legalise Cannabis Party,5,Invercargill,"O'CONNELL, Kevin Patrick"
185,Green Party,44,Taupō,"O'CONNOR PATENA, George"
200,Labour Party,10,West Coast-Tasman,"O'CONNOR, Damien"
512,Labour Party,,Ōhāriu,"O'CONNOR, Greg"
312,National Party,54,Tāmaki,"O'CONNOR, Simon"
462,,,Dunedin,"O'MALLEY, Jim"
411,Te Pāti Māori,19,,"O'SULLIVAN, Conor"
372,New Zealand First Party,29,Waitaki,"ODERING, Anthony"
503,New Zealand Loyal,,New Lynn,"OLIVER, Steve"
227,Labour Party,37,Wellington Central,"OMER, Ibrahim"
57,ACT New Zealand,58,Maungakiekie,"ONISHCHENKO, Margo"
442,Women’s Rights Party,6,,"ORMSBY, Catherine"
574,Money Free Party NZ,,West Coast-Tasman,"OSMASTON, Richard"
437,Women’s Rights Party,1,,"OVENS, Jill"
448,Women’s Rights Party,12,,"OWEN-JONES, Adrienne"
436,The Opportunities Party (TOP),13,Waikato,"OWEN, Megan"
137,Freedoms NZ,31,East Coast,"PACKER, Leighton"
241,Labour Party,51,Ilam,"PALLETT, Sarah"
491,,,Māngere,"PAO STANLEY, Brooke"
457,,,Christchurch East,"PARK, Sam"
422,Te Pāti Māori,30,Hamilton East,"PARKER, Awatea"
203,Labour Party,13,,"PARKER, David"
23,ACT New Zealand,24,Hutt South,"PARKINS, Andy"
12,ACT New Zealand,13,Hamilton East,"PARMAR, Himanshu"
8,ACT New Zealand,9,Pakuranga,"PARMAR, Parmjeet"
347,New Zealand First Party,4,Taieri,"PATTERSON, Mark"
571,Green Party,,Wellington Central,"PAUL, Tamatha"
364,New Zealand First Party,21,Taupō,"PEHI, Tira"
588,Labour Party,,Te Tai Hauāuru,"PEKE-MASON, Soraya"
276,National Party,18,Kaipara ki Mahurangi,"PENK, Chris"
165,Green Party,24,Northland,"PENNEY, Reina Tuai"
545,New Zealand Loyal,,Tāmaki,"PERRATT, Anne"
426,The Opportunities Party (TOP),3,Dunedin,"PETERS, Ben"
403,Te Pāti Māori,11,Māngere,"PETERS, Hilda"
344,New Zealand First Party,1,,"PETERS, Winston"
554,,,Tukituki,"PETROWSKI, Melanie Lorraine"
147,Green Party,6,Banks Peninsula,"PHAM, Lan"
575,,,West Coast-Tasman,"PHELPS, Patrick Sean"
551,,,Te Atatū,"PHILLIPS, Melanie"
389,NewZeal,8,,"PITA, Tracey"
391,NewZeal,10,,"PITA, Watson"
386,NewZeal,5,Remutaka,"PITIROI, Tony"
432,The Opportunities Party (TOP),9,Hamilton West,"POCOCK, Naomi"
404,Te Pāti Māori,12,,"POIHEGATAMA, Arabela"
110,Freedoms NZ,4,Hauraki-Waikato,"POKERE-PHILLIPS, Donna"
555,,,Tukituki,"PONK, Michael"
24,ACT New Zealand,25,Auckland Central,"POOLE, Felix"
282,National Party,24,Hamilton West,"POTAKA, Tama William"
199,Labour Party,9,Northland,"PRIME, Willow-Jean"
419,Te Pāti Māori,27,,"PUE, Elijah"
284,National Party,26,West Coast-Tasman,"PUGH, Maureen"
205,Labour Party,15,Maungakiekie,"RADHAKRISHNAN, Priyanca"
139,Freedoms NZ,33,Taranaki-King Country,"RAISON, Daryl"
304,National Party,46,Panmure-Ōtāhuhu,"RANDHAWA, Navtej"
138,Freedoms NZ,32,Hutt South,"RANGITUTIA, Max"
166,Green Party,25,Tukituki,"RATCLIFFE, Nick"
400,Te Pāti Māori,8,Rotorua,"RAUKAWA-TAIT, Merepeka"
279,National Party,21,Rangitīkei,"REDMAYNE, Suze"
565,Labour Party,,Waitaki,"REILLE, Ethan"
262,National Party,4,Whangārei,"RETI, Shane"
468,,,East Coast,"RICHARDS, Don"
186,Green Party,45,West Coast-Tasman,"RICHARDS, Steve"
459,Labour Party,,Coromandel,"RILEY, Beryl"
62,Animal Justice Party,2,Port Waikato,"RIPPON, Anna Joy"
131,Freedoms NZ,25,Rongotai,"ROA, Merania"
519,Workers Now,,Panmure-Ōtāhuhu,"ROBB, James"
225,Labour Party,35,Taranaki-King Country,"ROBERTS, Angela"
543,New Zealand Loyal,,Taieri,"ROBERTS, Fred"
194,Labour Party,4,,"ROBERTSON, Grant"
111,Freedoms NZ,5,Remutaka,"ROBERTSON, Heker"
90,Aotearoa Legalise Cannabis Party,13,Te Tai Tonga,"ROBIN, Rebecca"
105,DemocracyNZ,12,East Coast,"ROBINSON, Chris"
336,New Nation Party,3,New Plymouth,"ROBINSON, Greg"
161,Green Party,20,Ōhāriu,"RODGERS, Stephanie"
443,Women’s Rights Party,7,,"ROSE, Linde"
222,Labour Party,32,Waimakariri,"ROSEWARNE, Dan"
470,New Zealand Loyal,,Epsom,"ROTHERAY, Anna"
49,ACT New Zealand,50,Rotorua,"ROZEBOOM, Marten"
248,Labour Party,58,,"RUANE, Nick"
201,Labour Party,11,,"RURAWHE, Adrian"
50,ACT New Zealand,51,Ōtaki,"RUSH, Sean Edward"
212,Labour Party,22,New Lynn,"RUSSELL, Deborah"
452,National Party,,Bay of Plenty,"RUTHERFORD, Tom"
214,Labour Party,24,Panmure-Ōtāhuhu,"SALESA, Jenny"
169,Green Party,28,Maungakiekie,"SAMANT, Sapna"
133,Freedoms NZ,27,Tauranga,"SAMUELS, Leon"
535,Labour Party,,Rotorua,"SANDFORD, Ben"
162,Green Party,21,Mt Roskill,"SANIS WALGAMPOLA, Suveen"
187,Green Party,46,Whanganui,"SANSON, Marion"
300,National Party,42,Kelston,"SCHAUMKEL, Ruby"
516,New Zealand Loyal,,Pakuranga,"SCOTHERN, Phil"
333,New Conservatives,10,,"SENN, Steven"
193,Labour Party,3,Kelston,"SEPULONI, Carmel"
13,ACT New Zealand,14,Christchurch East,"SEVERIN, Toni"
0,ACT New Zealand,1,Epsom,"SEYMOUR, David Breen"
566,,,Waitaki,"SHAND, Daniel"
188,Green Party,47,Northcote,"SHAW, Andrew"
143,Green Party,2,,"SHAW, James"
528,New Zealand Loyal,,Rangitata,"SHEARER, Wayne"
303,National Party,45,Wellington Central,"SHEERAN, Scott"
274,National Party,16,Invercargill,"SIMMONDS, Penny"
121,Freedoms NZ,15,,"SIMMONS, Alan"
313,National Party,55,Coromandel,"SIMPSON, Scott"
253,Labour Party,63,Auckland Central,"SIMS, Oscar"
374,New Zealand First Party,31,East Coast,"SINCLAIR, Craig"
455,Labour Party,,Botany,"SINGH, Kharag"
335,New Nation Party,2,Auckland Central,"SLOCUM, Guy Dennis"
100,DemocracyNZ,7,Waitaki,"SMALL, Roger"
498,,,Napier,"SMITH, John Clive"
314,National Party,56,Kaikōura,"SMITH, Stuart"
559,Vision New Zealand,,Upper Harbour,"SOARES, Bernadette"
249,Labour Party,59,Tāmaki,"SOLOMONE, Fesaitu"
243,Labour Party,53,Māngere,"SOSENE, Lemauga Lydia"
265,National Party,7,East Coast Bays,"STANFORD, Erica"
287,National Party,29,Christchurch Central,"STEPHENS, Dale Aotea"
3,ACT New Zealand,4,Southland,"STEPHENSON, Todd"
30,ACT New Zealand,31,Hamilton West,"STEVENSON, Susan"
308,National Party,50,Christchurch East,"STOCK, Matt"
73,Animal Justice Party,13,Tauranga,"STOKMAN, Chelsea Jordan"
369,New Zealand First Party,26,Hamilton West,"STONE, Kevin"
427,The Opportunities Party (TOP),4,Epsom,"SU, Nina"
123,Freedoms NZ,17,Port Waikato,"SUDHAMALLA, Vijay"
295,National Party,37,Wigram,"SUMMERFIELD, Tracy"
144,Green Party,3,Auckland Central,"SWARBRICK, Chlöe"
430,The Opportunities Party (TOP),7,Mt Albert,"SWORDS, Ciara"
431,The Opportunities Party (TOP),8,Auckland Central,"SYCAMORE, Damian"
421,Te Pāti Māori,29,Tauranga,"SYDNEY, Mikaere Taingahue"
189,Green Party,48,Māngere,"SYKES, Peter"
244,Labour Party,54,Bay of Plenty,"TAIKATO, Pare"
107,Freedoms NZ,1,,"TAMAKI, Brian"
109,Freedoms NZ,3,Tāmaki Makaurau,"TAMAKI, Hannah"
418,Te Pāti Māori,26,Te Atatū,"TAMIHERE, John"
154,Green Party,13,Tāmaki Makaurau,"TANA, Darleen"
585,Labour Party,,Ikaroa-Rāwhiti,"TANGAERE-MANUEL, Cushla"
463,,,Dunedin,"TAYLOR, Pamela"
296,National Party,38,Tāmaki Makaurau,"TE HAU, Hinurewa"
489,New Zealand Loyal,,Mana,"TEMPERTON, Lisa"
513,New Zealand Loyal,,Ōtaki,"TEN-HAVE, Bryan"
117,Freedoms NZ,11,Coromandel,"TEPOU, Sarai"
140,Freedoms NZ,34,Invercargill,"TERRILL, Judith"
326,New Conservatives,3,Rangitata,"THOMAS, Karl"
581,,,Wigram,"THOMSON, Wiremu"
96,DemocracyNZ,3,Kelston,"TILDSLEY, Leao"
196,Labour Party,6,Tauranga,"TINETTI, Jan"
211,Labour Party,21,Te Tai Tonga,"TIRIKATENE, Rino"
590,,,Te Tai Tokerau,"TOAUTU, Paturiri"
561,Labour Party,,Waikato,"TOKO, Jamie"
556,Future Youth Party,,Tukituki,"TOSH, Allister David"
9,ACT New Zealand,10,Banks Peninsula,"TRASK, Laura"
413,Te Pāti Māori,21,,"TUAINE, Nancy Teurumanao"
141,Freedoms NZ,35,Ikaroa-Rāwhiti,"TUHAKARAINA, Ata"
146,Green Party,5,Palmerston North,"TUIONO, Teanau"
77,Animal Justice Party,17,Takanini,"TULLOCH, Lynley Kim"
361,New Zealand First Party,18,Napier,"TURNBULL, Laurie"
525,New Zealand Loyal,,Port Waikato,"TURNER, Kim"
239,Labour Party,49,Te Atatū,"TWYFORD, Phil"
315,National Party,57,Tauranga,"UFFINDELL, Sam"
351,New Zealand First Party,8,Epsom,"UNKOVICH, Tanya Marie"
264,National Party,6,Taupō,"UPSTON, Louise"
215,Labour Party,25,Palmerston North,"UTIKERE, Tangi"
337,New Nation Party,4,Rangitata,"Van AMERSFOORT, Dolf"
316,National Party,58,Waikato,"VAN DE MOLEN, Tim"
496,Human Rights Party,,Mt Albert,"VAN DEN HEUVEL, Anthony Joseph J"
582,New Zealand Loyal,,Wigram,"VAN DUIVENBODEN, Christine"
1,ACT New Zealand,2,Tāmaki,"VAN VELDEN, Brooke"
501,New Zealand Loyal,,Nelson,"VAUGHAN, Peter"
54,ACT New Zealand,55,Coromandel,"VERBURG, Joanna"
360,New Zealand First Party,17,Rangitīkei,"VERMEULEN, Helma"
197,Labour Party,7,,"VERRALL, Ayesha"
156,Green Party,15,Wairarapa,"WADE-BROWN, Celia"
453,,,Bay of Plenty,"WAHED, Taupo"
423,Te Pāti Māori,31,Wairarapa,"WAIKARE, Te Whakapono"
394,Te Pāti Māori,2,Waiariki,"WAITITI, Rawiri"
451,,,Banks Peninsula,"WAKEMAN, Peter Keith"
190,Green Party,49,East Coast,"WALKER, Jordan"
220,Labour Party,30,Upper Harbour,"WALTERS, Vanushi"
233,Labour Party,43,Whangārei,"WARREN-CLARK, Angie"
115,Freedoms NZ,9,Manurewa,"WARREN, Caine"
367,New Zealand First Party,24,Northcote,"WARREN, Michelle"
66,Animal Justice Party,6,New Plymouth,"WATKINS, Hamish"
275,National Party,17,North Shore,"WATTS, Simon"
210,Labour Party,20,Christchurch Central,"WEBB, Duncan"
544,,,Taieri,"WEBBER, David"
281,National Party,23,Tukituki,"WEDD, Catherine"
298,National Party,40,Banks Peninsula,"WEENINK, Vanessa"
533,New Conservatives,,Rongotai,"WELSH, Bruce"
65,Animal Justice Party,5,Christchurch East,"WERETA, Danette"
167,Green Party,26,Wigram,"WESLEY, Richard"
514,NAP,,Ōtaki,"WESSEX, Bob"
395,Te Pāti Māori,3,Ikaroa-Rāwhiti,"WHAITIRI, Meka"
237,Labour Party,47,Mt Albert,"WHITE, Helen"
505,New Zealand Loyal,,New Plymouth,"WILLETTS, Warren"
238,Labour Party,48,Manurewa,"WILLIAMS, Arena"
252,Labour Party,62,Hamilton West,"WILLIAMSON, Myra"
260,National Party,2,Ōhāriu,"WILLIS, Nicola"
153,Green Party,12,Taieri,"WILLIS, Scott"
352,New Zealand First Party,9,Upper Harbour,"WILSON, David Ashley"
548,New Zealand Loyal,,Taupō,"WILSON, Gordon"
576,New Zealand Loyal,,Whangaparāoa,"WILSON, Jeanette"
76,Animal Justice Party,16,Hamilton West,"WILSON, Melanie"
132,Freedoms NZ,26,Te Tai Hauāuru,"WINIATA, Paris"
388,NewZeal,7,,"WINITANA, Waipatu"
365,New Zealand First Party,22,Christchurch East,"WIREMU, Shane"
486,Labour Party,,Kaipara ki Mahurangi,"WISHART, Guy"
235,Labour Party,45,Mt Roskill,"WOOD, Michael Philip"
464,National Party,,Dunedin,"WOODHOUSE, Michael"
195,Labour Party,5,Wigram,"WOODS, Megan"
434,The Opportunities Party (TOP),11,Hutt South,"WYLIE-VAN EERD, Ben"
157,Green Party,16,Epsom,"XU-NAN, Lawrence Xi"
20,ACT New Zealand,21,North Shore,"YALLOP, Anna"
17,ACT New Zealand,18,Tauranga,"YOUNG, Christine"